month,month_number,landings,fish_tickets
January,1,183.91327,248.21675
February,2,98.65022,175.00494
March,3,35.101982,122.0625
April,4,22.592257,95.233505
May,5,17.442822,70.265625
June,6,8.999995,45.27551
July,7,3.075913,12.257576
August,8,0.4797358,3.5
Sept,9,0.112793304,1.2222222
October,10,0.49812448,1.6470588
November,11,145.63759,127.530205
December,12,356.55026,326.88107
